{
  "pass_all": true,
  "profile": "pusht",
  "reference_checkpoint": "/Users/alankarchmer/agi/runs/phase6_real_data/baseline_phase6_real_pass.pt",
  "threshold_results": {
    "nll_ci95_high": true,
    "kl_ci95_low": true,
    "kl_ci95_high": true,
    "temporal_drift_ci95_high": true,
    "ood_gap_ci95_low": true,
    "gate_pass_rate": true
  },
  "metrics": {
    "nll_mean": {
      "values": [
        15.555450439453125,
        15.40038013458252,
        15.448649406433105,
        15.573105812072754,
        15.170721054077148
      ],
      "mean": 15.429661750793457,
      "std": 0.14468394219875336,
      "ci95_low": 15.302840683829904,
      "ci95_high": 15.55648281775701
    },
    "kl_mean": {
      "values": [
        11.832831382751465,
        11.60498046875,
        12.218891143798828,
        12.314057350158691,
        12.072517395019531
      ],
      "mean": 12.008655548095703,
      "std": 0.25900396704673767,
      "ci95_low": 11.781628561206324,
      "ci95_high": 12.235682534985083
    },
    "temporal_drift": {
      "values": [
        0.022153990308967943,
        0.016678403503285474,
        0.022061731223942987,
        0.027259845899550418,
        0.01548520403192828
      ],
      "mean": 0.02072783373296261,
      "std": 0.004251198377460241,
      "ci95_low": 0.01700149405829015,
      "ci95_high": 0.024454173407635067
    },
    "ood_gap": {
      "values": [
        0.011199951171875,
        -0.028615951538085938,
        -0.03396415710449219,
        0.06362628936767578,
        0.032568931579589844
      ],
      "mean": 0.00896301306784153,
      "std": 0.036892376840114594,
      "ci95_low": -0.023374581018844237,
      "ci95_high": 0.0413006071545273
    },
    "gate_pass_rate": {
      "values": [
        1.0,
        1.0,
        1.0,
        1.0,
        1.0
      ],
      "mean": 1.0,
      "std": 0.0,
      "ci95_low": 1.0,
      "ci95_high": 1.0
    }
  },
  "per_seed": {
    "nll_mean": [
      15.555450439453125,
      15.40038013458252,
      15.448649406433105,
      15.573105812072754,
      15.170721054077148
    ],
    "kl_mean": [
      11.832831382751465,
      11.60498046875,
      12.218891143798828,
      12.314057350158691,
      12.072517395019531
    ],
    "temporal_drift": [
      0.022153990308967943,
      0.016678403503285474,
      0.022061731223942987,
      0.027259845899550418,
      0.01548520403192828
    ],
    "ood_gap": [
      0.011199951171875,
      -0.028615951538085938,
      -0.03396415710449219,
      0.06362628936767578,
      0.032568931579589844
    ],
    "gate_pass_rate": [
      1.0,
      1.0,
      1.0,
      1.0,
      1.0
    ]
  }
}
